company;domain;url;emails_found
Urbanpro;urbanpro.com;https://www.urbanpro.com/register/unSubscribe/?username=rahulsamantcoc2%40gmail.com&c=jO1dsuuL2mYMVKBhkeIP-popiLu-8hURLF6tw5e6nYM.&opt=NEEDALERT&_eClickId=5521394961&_eType=NEED_ALERT_EMAIL;3026
Academia;academia.edu;https://academia.edu/keypass/Y0o2d1RYZi9Ga3VzOVBnWmN0aGEzdFM5RkEvNUNSVmxZQ0xuNXBaTFZTaz0tLUc2UGI5amF2SDFFNW1WSnNzanNaK1E9PQ==--7566030d5f5b2dce8b66e1dd9144c817fb4e2301/t/AeFpE-RGzHMyX-2vAm/confirm_unsubscribe/new_mentions;83
Linkedin;linkedin.com;https://www.linkedin.com/newsletters/7075430731438526464?lipi=urn%3Ali%3Apage%3Aemail_email_series_follow_newsletter_01%3BD7fNwHtBQmO1Nub3Ul6tbA%3D%3D&midToken=AQGMEHUKmdA9PQ&midSig=1Dh3VMAJM8yb41&ek=email_series_follow_newsletter_01&e=h23pjj-lr4v4rpc-ed&eid=h23pjj-lr4v4rpc-ed&m=unsubscribe&ts=footerGlimmer&li=0&t=plh;2173
Flodesk;flodesk.com;https://form.flodesk.com/preferences/V2RYYlBGMmJYRmNTRzYtOEomTmtNUy1lS0hhVnRBbmt0Ji1qU09XaVhzZ1l6Z1ctdk5ROVRUMGdIS2xYd2paLklSU2NUQzR0SkI5UXpqMThGU05tTk8zalVBa09Iay1aSg/unsubscribe;30
Studocu;studocu.com;https://email.studocu.com/unsubscribe/dgSf7wMAAO3qmBLr6pgSAY3sR53zkERt-pmrGIU-ZA==;12
Sendgrid;sendgrid.net;https://u20716248.ct.sendgrid.net/wf/unsubscribe?upn=9S82jkGE5FbrimYRrLybeT8X-2F1bSOhAc-2BaiDAwo-2FSIVYOibV8-2BofHIeLl0sHcAWDmpxybdthV1BtmWxVHvKgKrTnx8ODSRPO1b9O9mD2zruY-2F2aCQaNvnrKEhgaYx3pnQYpYATE9YTsV7XDGqZAlntdmBZXSSZtCHddcMhHR9RWhVQ6IhNkDHc3UPMel4O3x2HNdX4qPusGVrpSHDf4xN1j9QC7gmRJ4lPdYQdNtUHonbYX0SMVzqtVprqWWlWlt2ACFoGhWjk6tMVu8DnPwHz3QyAh4uMftmM45TBa8Efsto3YwREqscAVAw72ymKLXaK9BIij78WDbO3pUrVSn04Xkp1R-2B8uNYAHeekrGvPVE-3D;31
Moengage;moengage.com;https://moe_pwcj.api-03.moengage.com/v1/emailunsubscribe?q=j9gVhZMs9N8tWhSbnEHAbmLjZT9dq7V1vSAK9SnkArcJSUOfLA-NJ5GSM6QWsKlfb5BEqex19PhD45_MVAxdfAMO_aldflTMuOwempB7H6vX5bX5z8.5GQp3hXW_hXgrtHXiUzw.GwznJ_8Jcev.LH3bBeOkhCyQxALToG2.Bf.OPXQtDu213a4YAfuwoqWX7c-iF4PMP69O85ZtzDHdfUbUga481UBVd5ptxgUsA2M7HzGtQgSyCWAnWqeQpqN4BuFNqDbMbXN3A-xzsH7R90axH0ZYEJinJTbM1oTuuvD3MEGR8cUUg91nPFUyOh333rr.jcH8DRB3a78wfi6SA8cvY-lTeEcnB9AFf7O2BvWYl_ESZ3k4u957WgbnnwYSSgwZQYmmxKOLTeKmf.ESoOvPCuuxBz5xeOHy91.3_ZfYxs3ed0zz9ntTRuCBUkn.bLmiTPPp71I8bwWA;462
Github;github.com;https://github.com/email/unsubscribe?token=BGTX6KZKC54WGAXYCJQKIETJT2EEZANENZQW2ZNNOZ2WY3TFOJQWE2LMNF2HS;127
Rapidapi;rapidapi.com;https://mail.rapidapi.com/unsubscribe/dgTLfAEAlbiRBJS4kQQBkciWNZWNzONZMKZBbSHH;12
Internshala;internshala.com;https://clubs.internshala.com/subscribe/unsubscribe_link/3353422/1ihzvjueal9/digest;139
Iitm;iitm.ac.in;mailto:22q3-ma1002-discuss+unsubscribe@nptel.iitm.ac.in;10
Hubspotemail;hubspotemail.net;https://hs-53.s.hubspotemail.net/hs/manage-preferences/unsubscribe?d=MndZ4kGKq-kW3R5Jq33zdx6vW4fFN8V1S86DVW3zbV8Y3Fbt5qW9dcQ5C17f7hvW544frv8hq-jcW5n2MYP4XvhDgN7VXSs028N4MN6y6hdSGKd_PV20N4d3NZNTnVy5hHs6qY7Q1F695_gnpqjV1&v=3&utm_campaign=blog-announcement-emails&utm_source=hs_automation&utm_medium=email&utm_content=59214445;31
Bardeen;bardeen.ai;https://links.bardeen.ai/e/encryptedUnsubscribe?_r=9399780b7c2a4ce5a48bbd1963fe0d17&_s=b63e376a28734b3bb7457e43fbe77264&_t=i4ldZfl4jzWPloUrAWHGVNYya5OVJfeWnnEdHP3lUAbcy6lciRdrRN4vo_oqMtM6iDWtcpa7q4BtrCl233_crEG_ODCKfybIakBsO5nc6fwji6KfBYfMpeCgEZiF5p-W;2
Gitpod;gitpod.io;http://email.gitpod.io/unsubscribe/dgTivgYAANmjXtijXgGSVGr3qyL5WXzggGrGRmE=;9
Pinterest;pinterest.com;https://www.pinterest.com/email/click/?user_id=OTEwMDc5MTc0NjA4MzY3MDE0&od=dD1jZGEyMjJkZjRmMWI0N2IxODhjZGY3MDMyNDFlZDhhMSZjPVBPUFVMQVJfUElOUyZzPWNkYTIyMmRmNGYxYjQ3YjE4OGNkZjcwMzI0MWVkOGExJm49NzRlNGVkYmJjZWI2NGNjZTljOTAyOTM0NzQ2MDIzMDc%3D&target=https%3A%2F%2Fwww.pinterest.com%2Femail%2Funsubscribe%2F%3Fuser_id%3DOTEwMDc5MTc0NjA4MzY3MDE0%26od%3DohDfr5yHlI4plKreufersjvB%252B9Jk9%252B4KMJeYq5ifSgAbr9NH44lT7tRA%252F9U7cUG9mfFjyVBvtlr62l9ON%252FE6VjKiAp4TjomTYYCbHPVwxs8l5K6gC8RVV2N2vge8szFxrJHCE1Q5KnWgHzD%252BDtLXUVQM4VyL9dleYWoeajv8TOBtB9Y9RWCsOLsQCHGyf4hi5gUj99sFLwCzoRpZLZTA4znG7lWVTOIvzX10LKLfDuwIbDofX3gEkLLkR3jZnpPswRJV98SM5Nvkyn%252Bi8zLsKz4%252BIiu7QxnJYiBtPORB92kwuCwvd2BDjfbDrD%252FpE3f67dxB8noSkVbdC0wG0tn4ASA3gJTb84G%252B5227MbitumEcRFcJwFBPftBYvv5d80JWmWLQUabvsdgvxbVho623HDZAIBw%252B8cZZKohewFhFjRM%253D%26utm_campaign%3Dpopular_pins%26e_t%3Dcda222df4f1b47b188cdf703241ed8a1%26e_t_s%3Dfooter%26utm_source%3D31%26utm_medium%3D2012;26
Youtube;youtube.com;https://www.youtube.com/attribution_link?noapp=1&a=Kx9wquvGVuaPixLF&u=/email_unsubscribe%3Fuid%3DWYFKJH5UmRTNpIjudNyV1Q%26action_unsubscribe%3D5r6hpj4pwkr5OI78hFdehxnXGpR8MTY3ODcxMzEzOEAxNjc4NzEzMTM4%26feature%3Dem-comments;3
Google;google.com;https://myaccount.google.com/communication-preferences/unsubscribe/gt/ANiao5pSdn8Bye5aHIJYjHpkxXlfXMg1UX5K-VBHhHrsTGD51S4o3x5cW6GwbQpb6AkhTEekoBexZUxNy9NtE7rtvH60Ah-8xf8rBjuYrHserYL9b7k9gxDgsOmxbe_9dIg3jOt1eHdT8GeOUBT1cYejZmIr_2i_bsk9-E5ci75LwXdAUOrQT-i9HE4ZsJTz3gQrxxdanSgmyf6yRqtnLCzw-FOQ4YsZRHUMZIBgDZyhtctI4rXlZoj1lyT-0mDv?utm_source=gm&utm_medium=email&auto=true;4
Wimhofmethod;wimhofmethod.com;https://www.mailing.wimhofmethod.com/unsubscribe.html?x=a62e&m=aQS9B&mc=3&s=wKfcQ1&u=QP4C&z=WWjubxh&pt=unsubscribe;8
Tome;tome.app;https://email.tome.app/unsubscribe/dgTv_gYDAMv9Ycr9YQGJY9FNXcnBbTMU7DhhrS4=;9
Mmtrkr;mmtrkr.com;https://t.mmtrkr.com/unsubscribes/html/d1d3b287-cef3-5bed-a03c-c4c09398614c/608e2a4f-75f8-5750-9d96-d8e26fcdd5bd;16
Hubspot;hubspot.com;mailto:opt-out@hubspot.com?subject=unsubscribe&body=unsubscribe;8
List Manage;list-manage.com;https://dev.us21.list-manage.com/unsubscribe?u=cce3ba0fecda5f214638dc218&id=ecac309755&t=b&e=3ba359fe63&c=d45005dc1b;6
Sendpul;sendpul.se;https://s7743275.sendpul.se/unsubscribes/en/MjExOTY4MQ==/e3736762572997f59a6c5fb94908a28f03859/h/a7c33995db88606585546f83211fba5d;29
Naukri;naukri.com;https://www.naukri.com/mnjuser/settings/communication?utm_campaign=verify_email&utm_medium=email&utm_source=unsubscribe;75
Dare2Compete;dare2compete.com;https://mstats.dare2compete.com/CL0/https:%2F%2Funstop.com%2Fnewsletter-unsubscribe%2FcmFodWxzYW1hbnRjb2MyQGdtYWlsLmNvbQ==%3Futm_source=Corporate-Campaigns%26utm_campaign=MBA-2nd-Year%26utm_medium=D2C-Newsletters/1/010901947793037b-cc8fad84-6cf5-4cae-b42b-8e84d15b773e-000000/fdUEPq31REmUujuyIA8WvBCM0Kv0omD5hUO3VVAfXrk=190;15
Webengage;webengage.com;https://dashboard.webengage.com/users/emails/unsubscribe.html?p=eyJsYyI6In40N2I2NjA2NCIsImwiOiI3MzdkNmIyMjBmMDg3M2VjZGNkNDZkMjUyZDYxM2UzY2VhZjM1YWY3IiwiYyI6IjM0Mjg2NjAiLCJlbSI6InJhaHVsc2FtYW50Y29jMkBnbWFpbC5jb20iLCJlIjoifjNiY2ZzcDMiLCJ2IjoifjVhMjBnMCIsInMiOiIwMTZlYmJmMy03YTMyLTQwZjMtYjUzZS0xZWIyZjBjNzUxOWEiLCJqIjoiNGwyYzRrbSIsImV2ZW50IjoiZW1haWxfdW5zdWJzY3JpYmUiLCJjdGEiOiI3MDk4MzFkYyJ9;59
Kaggle;kaggle.com;https://www.kaggle.com/account/unsubscribe/confirm/97ef4506-d587-4147-acd2-9d6462de8622/CfDJ8D29UYyoxK9CvcInYb4_m_sURr5iEZbb-gsj65G5ZZDFzyUBmfXQRqBjwTv92BlbG1V-cdQsETbePTsEoBlI6ozecyFK2CVLue-eOUJLZr1rnQ;10
Codecademy;codecademy.com;https://itr.links.codecademy.com/e/encryptedUnsubscribe?_r=13e4e7efd5b34d1d982e9fb34505f006&_s=f6a51f6486984066b2bcc4bf7529fc70&_t=m36rPcu5buJLvTGB08QaPoq7kv25D8MChic9UuOOtv4ZFaKrLX-WqHSD4W_4jJZNOkaaqXDl2ul1OuWBgYwQor_a4ubvk955yKolpi3Rh3ea2JHNXSfCU1pUGot1rruhl9VDbRah9Z2X0YFWHPBtAyyejbqs-MTeFDVV4n1IaRk%3D;19
Iterable;iterable.com;https://links.iterable.com/e/encryptedUnsubscribe?_r=67101f7d500248b386768eecaae4611b&_s=4714d0343f0048139d0f1695bb08065b&_t=cuHqTJC9JmCBt5HO49xVOuf8YIZ7EigpG5f_7KEBWGDJdq8mX9c3V3fxi44tkxorVYnkKY1JSlPLMC25NtRVwkrm4S1SFoGh2xP2eHD9Ks4lVpmiJ5EplNHNFzWjEORWp2ARd6Yp4txkfZ4gn_NW8paOIU2bKXeYPxZKZMQtjCiQX9CNdUtraufbeDbiap_T;2
Pages02;pages02.net;https://www.pages02.net/reflexmediainc/Unsubscribe/sa-unsubscribe?spMailingID=23297941&spUserID=ODA3NzU5ODIyMjk5S0&spJobID=MjcyMTIyMTA5NQS2&spReportId=MjcyMTIyMTA5NQS2;53
Edurev;edurev.in;https://edurev.in/unsubscribe?_key=6prz7eBOKFL8tSkd3Co2EFQy1hHaF3IofDb1KLmFp74vvrp%2fHmhLCYIy4H2JvwvVRcWO4RT2oRZmhVSAGhgynA%3d%3d&emtyp=130&utm_source=edurev_email_LPSEnding&utm_medium=email&utm_campaign=edurev_email_LPSEnding&em_d=638681545959151188_14489665_130;9
Customeriomail;customeriomail.com;https://e.customeriomail.com/unsubscribe/RKi4CAUAAZUQ6p0Kkza0nRK0NHH9aQ==;17
Leetcode;leetcode.com;https://leetcode.com/T7KxOs/?DRVUUAkwARUGHGpKABwBGQcWalAB=3170&DRVUUAk%3D=rahulsamantcoc2%40gmail.com&BBFbUjoBEx0N=unsubscribe&DhFbWAkwBwIE=https://leetcode.com/unsubscribe/v2/?data=eyJ1c2VyX2lkIjogIiIsICJlbWFpbCI6ICJyYWh1bHNhbWFudGNvYzJAZ21haWwuY29tIiwgIm5faWRzIjogWyJwcm9tb3Rpb25zLm90aGVyIl19OjJlMGhqbVBDNnlEZkJGd1pkQ1h3SzJibXljOHYtdG9IYVB2RFd3OVgxNlU%3D;18
Aimchess;aimchess.com;http://url7749.aimchess.com/asm/unsubscribe/?user_id=12705006&data=ArYljKz65X7uvj5bANzjF4dCDhW8Gp_xnuAQurK1wW5oMDAwdTAwMB1iScOJqxtJ-Z3Mb2u_fzpmbd4rXrJoa5bnAlVYLnZf-YEvIjkP35ijZLJrpHcSytUtxl2Gzdekaw2j7uWpMeHAguhQO-BAQysM4daOSV4A-yQGPLfClqCYXrJJ9LQlJSxUzSVvHi9E0q-_R7UxqDw915EZ7zHZd8fUc0Vl6no9SJOSWysMHYj-ReAS7tttlQ9WXrRdVl5NtAVECz9JEkWMey955la61dgWI2vvqr4oObYoNUlVs8lZbmVew37wxo18gavGdVWrC0tTB5mRURJ6M6Q8KaNWQn1EnvkVGqWTS4AApliDnJOCRm4hROsYo0SS1F_MQGgugO_M4-_SwLj3FUWQlfvk4qIJ_0-NKyE0uaITUBTD2CX9RlRwbEWzJf0hXcUzdJBdM-2OhkupRt8Tzmdy5Hgx7KFGjbmgE_0aWwG5K2Aw2OpZDVi2daZCNLHcu79E9RoXSvux2DUZOymHMXi19MLnWbzexdPAZosY;7
Campaign Statistics;campaign-statistics.com;https://campaign-statistics.com/unsubscribe/eZxn5J-Z8R2lwE-uKdoj;9
Quillbot;quillbot.com;https://track-mail.quillbot.com/unsubscribe/dgTJmgoDAI-e6BWOnugVAZLQvzTYdTKN3lCexHRA3A==;3
Numerade;numerade.com;https://links.numerade.com/e/encryptedUnsubscribe?_r=4b4111f73c9e4972837f8083bf77eb13&_s=c05b1bcb95314a8589e0f2240cc12260&_t=4lLvqV1i4qQVt6CJXDFasrN_TumzKdz0sGHQp5ZNLlfEqDcdQ6aRCjjRjTYUpXM-l_Sp5Kq_yBRQ5bq5oxHvZ2J3-Bm05FCMcMelto5kWdzQXqe5NwjAgK-RGsixr5cT;1
Stratascratch;stratascratch.com;https://url6149.stratascratch.com/asm/unsubscribe/?user_id=18914539&data=jxTpZGRe-hf88hYUWT2J_rGMMO9AzUCShmfWpsQrzSpoMDAwdTAwMEH8CrButzLtcmD3dPjg_B1T5KnnzIJOPe5-O2ZIBpsmq4tE3w608batmxlYeGXFDcHrHrX92xGYCX-kLGCTY0_JmKbeJ3PF3F5LiO4Dk40RgYKW6dtBwezV9uZawrFehOXp64_2IXJk_ma4ypDeOr4Eqm7nkgJ3CZAN3i9sS2utm6Tz08GFrYd8htZ4AeRrNBniXUzutqvreFCv3DyHGbFBAVNlX_JfIHDXJsUiWHjmrhvCwBEiw1QTCenDHVwgOBh4ThbnPb8iFIPIn7t7cMA62JZtHeXHpbne_gqjvfpioyhuF728fkqaUUGjQmC3vpCb5lgzXWhx9yXTYvMXTEnTE2rY355Cl-IifMF8jxaEMzMRDKghd15hBjrgeNpCtKxb6cnZfBMu5hvrbAnBEmf9ROixO8SChnTqkHK8d0JpaqUDT-2WUp5dFRJ_1u7Z1k1zygJrJnAyKiYc76SpU7kRcEdQjafJTTtdLBkjPEOlp4N2oN3KYyZ-GIgRm1rLc6nju8FUK8KO5vQwV2bpoLunhzGmn1H95UOT1dmBU4p3EXWulf-dE7DF5XLCn_Umd8aKjQHVSE9oGWQsRf91sYEMA_lApf96KXHnDlKTtejtBcDetbj6hiepjtKeNuCtr33FbXgp_iV6xd-s52dFICdLVj-742p7yJiFMI7lIZBVHQmQXoG95LxbKNdo4C73w9z5Z431YYpnJE2wqQN218PKPMROGLbxEm9OURILykVSI0dOC0ipUzMhxELchrWxPZMD-Gyq9sJm0I8Hp2EGdAkO1n8S2bLD5pdj-jwi29I8ldAtL__lVEYVOxDM3cEpSWwBxgQ4sC-ZkXKjRhOCU6ZaJC3MmkYkO8khnTAGv5MzW73c7f97yTRhAZLsG35fdgFLzUFiF0SZVNaiaNrTy9ZNLFx-ox1UMoBQG4DF_VWa7f9i1sBPUU4h8NJhIqFZI0mBxsdEmn7MryPxv2S8Zh0BX0hGT30GgxOHVQNgEdsXev8pXCQ6WmXVUGfPSJd3Byd4qgDxAGhIsMeKBj9wp8sHKXJRECra9J3VjnZEBHeJTk4k_FGP740R2j_Imt-sNp8An2kV2-L1o-iAc7gtsUDYYQ7lOAtfTMuchG2PdQ3e27qX-NG2lTek5Pel7Zs-WuUFnW2WpKsc9ZKKxHxwasnDAaULxSRB00xqsRpOxL1XXcPAHiyedsVp3C-lTSOR1YGggdcQJDY2ImhIoWyLo6g=;1
Eraser;eraser.io;http://url5728.eraser.io/asm/unsubscribe/?user_id=20149789&data=hNjwejCaOkSJeUUwVe6ACBPOCqsYV8xprEq2f_kwx-1oMDAwdTAwMFsUA3HFzEDS98hiZIklcQvwBMkEuBwdUbGl7x0OzXuIJiqCoE9Zb5PujdZJyvkB5QesT5iEJzTfpDrilVDJO6-OEUxry0SgAy72lgAd_KuhuMY1E-X8hjijLMQfJurLWmXUitvbQm-4GgSWJQ6t-V8pqaf9ATPdhTeiciGgl0NrXbtD9ZVKwWNzoRiG7u4PrsQQAw6Hjvf5HQ8ReG5qIHwWnrBP8liIVY-fEs-je64CrZ7MuerupRofhbTnTE1va_Hkm7GiFELuYmWLQbEfMl0tok_ibwzkB8MS6qWfdT8OEIMWX6FndDVu-Z8ezJadXyEN7VTmLslIe1c-7PsBV6wdY00JA4mekOBPbPaLN4C2DMBvmdV9ZF8QywKE5s60q-55S1ys2hV2Du9hjmIBue1zEBPF1K-H_2eERxYlvFbleWNlLpfTSCx5shL9LVtowA==;7
Stake;stake.com;https://link.mail.stake.com/wf/unsubscribe?upn=9S82jkGE5FbrimYRrLybeT8X-2F1bSOhAc-2BaiDAwo-2FSIVYOibV8-2BofHIeLl0sHcAWDLZK01TPvUQ8T-2FK7436oETh3OCe-2F42hfNwKTe-2FlTzlMXctfErDiNCnm4gbca7AorIHGCO2AX-2BX2O5ihX-2FAHQxpdiSSLeGR9qTXcJo6V1iKnQkM413b5K9UgbuECPv5-2BvvmaebQT-2FH7FRydnM7oHUS037z8RYFDkhe4QXBnbJIHIaEMR-2BXQfLKBA9-2FLfi7PzSGs6othPgqJSsmr-2FqlQYIuZg-2FWmPQtoZMeYxdad0KoY6-2FxqY9cFxV8gr9vk4dSbzgkx0Gj-2FQ1HzTPsHnKJpHMl9rNBeau-2FwQC5EbNnKyZ9PkGmTe7yTxwfjRDG8kMcd4w7nLeGWuEisggIwl97V5zQ8FpBFmP7hNKYViBI3g-2Bordb4K0Tn9f9vHNnF044PQ76LmCTrDCa3kJUM8QS6vhm1OcZNTD0JkTVHK5SU6yE6zOwpmeHia-2BUiWBHpbwCXzppNjSqwPaY8Z8Mp7-2BIX2oQt2e-2Bp-2BupHRTCq9OISk1KtHjwOpFUtTo-2BvTwn2DTpZ48jaWFtC73ib2KAzFY1xkPlhzRxaHhZ404TlmWSF-2BCcVQo1eqouN7flxERAyZcPHvaQ5bMj5zQfOysPML5-2FHqE0Wf0gmsCzArarN5wX6vKTQ6htZVr7aiU5YRx19PC-2BcxcTwJPcpJWMxEQqXBOfkv-2F6Szr-2FHU-2F11fqVgKFuoW6xdoCivFVFQryqF-2F6cQAViEIkj8x6FXEhkXJxjXAaCRET-2BsIw-3D-3D;12
Astronomer;astronomer.io;https://go.astronomer.io/UnsubscribePage.html?mkt_unsubscribe=1&mkt_tok=NDc0LU5QVC04NDAAAAGXyCFQBN_CUWmYGY-ef5AgDWbxxDR3sqUsuyzEmx4kHKGN5q6Q5123AK2EcchqPrlBiewSzvRxOZTfa_LJif0_h4f8SGHHWr82neURplY;6
Aliyuncs;aliyuncs.com;https://dm-sg.aliyuncs.com/trace/v1/report?bid=202444&env=576460984264075612&mac=73310&mf=noreply%40mail-campaign.wondershare.com&msgid=b40aea1a-7db1-43ee-99dc-fa7236218c03%40alibaba.com&sac=0&tag=wgp&tid=task202444&to=rahulsamantcoc2%40gmail.com&tpl=&ts=1712241762&type=0&url=https%3A%2F%2Fcrm.wondershare.com%2Fapi%2Fv1%2Femail%2Funsubscribe%3Femail%3Drahulsamantcoc2%2540gmail.com%26language%3Den%26origin%3D2%26task_id%3D1502954693718315079%26verify%3De1b5c1769adaa7f6e06f3c5fb4df3b2514c0434e9e265b20dac64f317a5c60ab&v=1.0&sign=a6f1428203cbfc7a0edf8edf86fa69d7;5
Awstrack;awstrack.me;https://j9d9g51v.r.ap-south-1.awstrack.me/L0/https:%2F%2Fdevfolio.co%2Funsubscribe%2F6f2d36f775b94e9fb9e225ac7a158b76/1/010901956384a5ea-216231ee-cac1-4d48-9a53-a20c10ff0925-000000/9FfI5azrPPORzVLEo-mrbZc83sE=197;15
Scribd;scribd.com;https://iterable.scribd.com/e/encryptedUnsubscribe?_r=92f0cbc6f584418c9def9397d7beca21&_s=6610d7fde23849faa89d5f69c3e58e06&_t=6_6TdQsAL0O0fUTgJrQb7faaDegWPYhLzmBiofYtHPpekgeQsGs7Y7jumR3jV1jHoTpY5ZUxMrQjillofSFx2AycLT_moepvQcS0SgsgAO2vM8BaLmS789lshEKBjBLN;13
Goldmansachs;goldmansachs.com;https://www.goldmansachs.com/briefings/unsubscribe;1
Instahyre;instahyre.com;https://click.instahyre.com/CL0/https:%2F%2Fwww.instahyre.com%2Fcandidate%2Funsubscribe%2F%3Furl_auth_token=AD6Mrmeaso3pRIA5ePopuHbU3lvNMzwI%253A3x8SpQWVeDIKt96nttoCHlppaGk%26referrer=update_preferences/1/010001948f67c1ff-b98f9471-0f2e-481a-ba11-5ff49f22d594-000000/3hdPOrrp1eH4IpUIPYnIOtaWH7JrvAlWZhRrICVZQA8=389;2
Benaughty;benaughty.com;https://www.benaughty.com/site/autologin?emlTrack=1632475504-f70f0835526011e6a307e83935c28b38-Q29uZmlybUVtYWls-ZUVtYWls--0-0---0-26-2700-78-843-MTEwOVwxNi4zLTEyXDE0XDEzLjItMTdcNA%3D%3D-0-0-0&key=a80704f6e8cbae1f13f38f2d5b24fcf0&uniqmessageId=8fbd67840b09aa6dffa704766d5de86a&mailingScheme=white&open=unsubscribe&loc=unsubscr_ms;6
Udacity;udacity.com;https://mclick.udacity.com/customer/unsubscribe?uid=4283ee8d-f74f-424f-a68e-9f6aaf247c2c&mid=234af80b-9cae-4a63-847b-f7745ee26131&eid=34219133-fdb4-66d0-519f-6d30e6d15c95&bsft_ek=2023-06-17T19%3A00%3A43Z&bsft_aaid=affd8710-61ff-4001-baca-1d4a7303381d&bsft_mime_type=html&bsft_tv=13&bsft_lx=5;23
Scaler;scaler.com;http://url2196.scaler.com/wf/unsubscribe?upn=9S82jkGE5FbrimYRrLybeT8X-2F1bSOhAc-2BaiDAwo-2FSIVYOibV8-2BofHIeLl0sHcAWDXjb8cuURxyUYYgmLs-2FxD0CfEiEne9FUdHSSxrGodDAS62yHYQa35XLxMVaMl41J3rOEv8NzyjhZysk7XZE4eNhoIqCZbqxK5NLXGHR56T9Ik3LAXfNB-2FWZ1MjNEUc9zr1VX9i7tdXGTEfOYvtwtEfyfIAkhY8T1vVehTohILJVWAimwIdWQ7J5vP2KstwRjPkMOcq7phEHeSSzJvl3NpyCgPqT6TCnNlSI3eCTlNlXhpW9vUINvP476-2BFvOD3pU-2B2-2B6ehekPii7zub7x6ElBgw6pA3iEXwxmm6j9J3Gep5Qc34qqkxd2mfnMJOVZxtj7WncZKccApm0CrT-2FL4wadpswMzlzVYzGTs-2Fcsyiwt3h0KVVlRb2mruAjDVpoZZTYKPEiAi1doBCcFjnrCu1cme57tqudMamWrHNTyp0-2BAMg229Y2iXeybquH9w8PfPwd7wgb4UNk1v1Unq15JGaw330x544g7vYnGtPUztPXvvQFGTjAc950XD29YU9MI9QTUZ0I0wQ5ZUT-2FL0WWhZP7r6kcXxwneNk3jjFrFx5oCvc-2FF0lQXw5eRo564mNmhWnf6j465F8zY9Kp9y-2F-2BoKZgqw4b-2BicjFAz24koUvlU454M0fbYLXM2sf1FjxSA5W4PljLPdNyPKhm7Cdqbkyfekmvg-3D-3D;1
N8N;n8n.io;https://email.info.n8n.io/unsubscribe/dgSi2gUBAL37Ibz7IQGUxzpaSoE4JfzdD2Yvhsk=;4
Appen;appen.com;http://link.appen.com/asm/unsubscribe/?user_id=3754616&data=jjOh93wgUEdFZKTNRDwuli_wDpLU39YEW-FqNepo6v5oMDAwdTAwMBLPabhRZ1JxxWxS0uzC_0Q5t5NclfzyoZwgSRNO-PUcgLCSqKn6ws5z5_Cchl4YzvDWrru4Mc2ycfnle_frxWMvJyxumhBu1QGEAcManvRPCYLNskjkaTTutOhg3eGopAm9rW7FEL6SZl-q6Tgdddf4nKac_OQAoS1vrSDsluhX4YZ0dhkOly60Xh4Wpkh62aCI-dvNJwLnmKHpsEvKPIl4dgk_wH45MYKeGH4eNHlrisPeBygsjp_WcqsJLUEWje8-xhtOQqBIRvR5BLAFJa9EEcBWRAbupSktze2RF4H2qNd9lP9-7YPP879b0VWrlRLSLBynyDkdiYa6r4NqCrCkVGI3CBdWpthYmD-jsNiSsH6ctCUwJAS-FRAnR6t_YL8RC5ubFhU5tvjSq2UzFnNLIvpBFH5YBuA12HzIn_D4cGg9rRZtSzeIWX3Pt8qjC07NRy0NFUyfBNm_9x5lF5vkOHTGFD-5UHGqQSkpGSVsi5UKvPb7ucl8L6-DHzK7MaBER6MkmQtH43rsdlLbe-A=;3
Swiggy;swiggy.in;https://info.swiggy.in/public/unsubscribe.jsp?gid=1700280538&uid=17779730716&mid=1700917405&sig=HLBPJECPPCJPMFCB&l=D0Is4ok9pI861lc0sI&slt=4;20
Emailinboundprocessing;emailinboundprocessing.com;https://01.emailinboundprocessing.com/enc_user/unsubscribe?d=%241%242q6vTbQJ1g8eBr6shcm0wg%3D%3D%24pCd82dwSspVMWxtGKv9fR%2FOcpQbTyVFrfB88jN09ftsxpeCF1%2BlH6A7sY%2BM8%0Ai01vOuoj9ZAZX8EvqW0VTMPUvkiGw%2FF8ai6qmr1CiWrYwAh31L7M4G3zOfBw%0A2Jaj7tYhh8EKiogmNcaA%2FVdnsoTlYHR3RFKUJCH2m8jVIGH08Gly8YKm9C14%0AvbnwQMrjGOCHbLkpDYyz62TzBEEOadKNSelVA7hsjnx0pc11KRhxcbyadz4X%0A6D5BjneGMVrFxVe0kXsvbbabOnnCbDGA1ywKpBecqZNyk9UaCWYE1z0daWVH%0AAiKEKn2lOJ64xbpJVBS2PiHW2zpaORl3YMAoRzRgvBvpz0XgqLyn3YqINWYB%0AMSE%3D&1=1;2
Interviewbit;interviewbit.com;https://www.interviewbit.com/users/unsubscribe/BAhpA1xSPQ==--c3090f580709881ce6c739a447f7e9397529abd8;1
Resumeworded;resumeworded.com;https://mautem.resumeworded.com/mautic/email/unsubscribe/669903e2b8f21981642951;3
Intercom Mail;intercom-mail.com;https://eden-ai-a24a68f27841.intercom-mail.com/subscriptions/unsubscribe?app_id=we8gfv17&conversation_id=255615&user_id=67cbf0d1e00f0ca02d20c672&source=body;5
Behance;behance.net;https://maillink.behance.net/CL0/https:%2F%2Fwww.behance.net%2Funsubscribe%3Femail=cmFodWxzYW1hbnRjb2MyQGdtYWlsLmNvbQ%253D%253D%26token=cjohJqeJDX2jToyBJHIGDelFlG%252FXqkKx2W02EZWZTdA%253D%26campaign=network-welcome-translated%26mv=email%23/1/0100018e0e15318b-1dcfc119-68dd-445e-a925-ed4b4414f3ec-000000/ihH9kZOZuByPc3oDoc8_-ByLmobA9etj1LX5u5-I0gY=342;1
Snowflake;snowflake.com;https://info.snowflake.com/UnsubscribePage.html?mkt_unsubscribe=1&mkt_tok=MjUyLVJGTy0yMjcAAAGXfuvFY3IUml_wFGgsb1C6o5CCR2bf9cEea2RMrY99IUhswn-SYa-yDCP-EzFfT7UFx9qwO5_-tX-qJQ-2xsDdLv52NPQqFyIUBoBW92IIuDlDNqg94w;7
Zomato;zomato.com;http://trackemail.zomato.com/wf/unsubscribe?upn=9S82jkGE5FbrimYRrLybeT8X-2F1bSOhAc-2BaiDAwo-2FSIVYOibV8-2BofHIeLl0sHcAWDeBpJwNyhQTNw0Q8h8ehKL1du49wOiRv77qlEMS-2BIL66LMP7sz9AdlQ9ipEremcMadoNvJDcQWpSGIqh8fyBnXeDmSIYcNVJmUFjTbjz5MnbCB1U-2F0pR92CEIffcBvinX1eGy01n0rQziNXcfmfuuNHqfSiGscS-2BcIiLVCWLLQiSPHAHFUEf-2Fe-2BnOh5FfB4GqIQYvvsV75jujS32ns7-2BQC-2BL-2Fj0LRHVX5AZzb68pwg4hwmJeoI9P-2BgNB4LtC3VPIFG9H-2BnsNm6Sb8uuq7CojJ1OYlCDeGiObjjcC-2Ftemj40dQrmacEqXA-2BQGTbAzA4OgGzk5OSVSnpq3EzDkmnuzy7eNxI0b0Nk3oqbApNq-2Fs7yZ0KLSN-2Fn4RnL2YPtBruO8ZBgmBleIWL55p3t5CuE7MAZQJokV2WBzupOgpd7WbHsxCLXBlCQG5oikdlnw4Pbvy;1
Coomeet;coomeet.com;https://coomeet.com/s/unsubscribe?etoken=190a86aafe5316f147035465baac076fe12aee504e164c0b060d3faf6dc21877&mid=4f938168831322492d12782e192a514c;2
Duolingo;duolingo.com;https://www.duolingo.com/unsubscribe?type=email_det_marketing&email=4ddac015886b7737fe95e9d09306b571715f0ce1InJhaHVsc2FtYW50Y29jMkBnbWFpbC5jb20i;2
Apify;apify.com;https://mail.apify.com/subscriptions/unsubscribe?app_id=kod1r788&conversation_id=25530410576088&subscription_type_id=11828&user_id=67dfc416d6049031c67802a3&source=body;2
Withgoogle;withgoogle.com;https://inthecloud.withgoogle.com/preference-center/unsub-global.html?mkt_unsubscribe=1&mkt_tok=ODA4LUdKVy0zMTQAAAGW7G6e5O2kTQLv99mTJuz8xvGi9IGJ2Ry-nl2Q1MJlfONEolosnMnFGau4Q5Yi_9uNVYI8zH2xg5A_4zLCZ5f4oR_BUgAgiwyYBa7u0rI6OqP2b5za1c0&Opt_In_Events__c=&Opt_In_Newsletter__c=&Opt_In_Offers__c=&Opt_In_Products__c=&Opt_In_Research__c=&preferenceCenterSubscription1=&preferenceCenterSubscription2=&preferenceCenterSubscription3=&preferenceCenterSubscription4=&lang=IN;6
Pulsesmtp;pulsesmtp.com;https://s7743275.unsubscribe.pulsesmtp.com/e848c061f9b9dc362ba518dea6cb63db;5
Easyleadz;easyleadz.co;https://easyleadz.co/unsubscribe/I1lUDzGErwAzPXsN8Sid2qjG2wZeC4j8Dl5fiNxnxw4/fsnSRMXvlw6KlVRtEw2HNQ/NmuSQ4khSbFZX2JADHCiUg;12
Docker;docker.com;https://web.docker.com/UnsubscribePage.html?mkt_unsubscribe=1&mkt_tok=NzkwLVNTQi0zNzUAAAGVM46dAxHNHMAgCbhxVgdeZ7Jtw-n42ls4nsby7LTM5xF0gqCJ7yjvigm3cvEgiuSqGl88piA4foRhM1YC3zRman59_nOcB6lXI-xuASGJbDqK;3
Postman;postman.com;https://iterable.links.postman.com/e/encryptedUnsubscribe?_r=45a94676dd7342a9a5d24a86b9d12ca9&_s=ad94993d333340de8a74eb5b6e213cbc&_t=xepH0-J0VHz5wrSmGmkXnNeppjlw6GWmnH9IpgvJAa6_Y0tHEjKjFNB-7uOySs-peVmrDSPQN0NidJeaZovgaPVJjvJcUd8QGDVEELY6GaVt8T69V05jtletrgHz3hdT;4
Apna;apna.co;http://url3047.apna.co/wf/unsubscribe?upn=9S82jkGE5FbrimYRrLybeT8X-2F1bSOhAc-2BaiDAwo-2FSIVYOibV8-2BofHIeLl0sHcAWD4qPUJqpaHoNbmuUEhEpUeo1Drnjg3wq8SEHkXd69E4ViUURm2A0wtY475igWRb9-2F5XjTDqmuhewDetTUyV8WViDW1bFdt4ED8nr0iwGlkTLvP4k2Zjhri22CtFsOjqx-2FuDy1rSfrR-2BHPmurmVCfCkhV7HX4KZIXMca4NIrHhk8fxyMtvMXsxUaYqO321qsaGsi6NGKHm7OpxBVotgtpN1HXKOlYuY0wGJ-2BG-2BlKpvk8r-2Blkn72TpyLwcx2xgKtmQvf47WAp1Wi0CmE0jhSOxWTUxrZ2YS6gWex-2BRKfIqEWooTTCb8JQmQkcyH9LUBWaeyqPYIJudR6Afns4KWLmBvBr7gtbXv3OR2wSDi9SXNv2QENLSjrIsRtprQzlMnvSJVk9L7zeOvn-2BbrR6ymMsd26Q-3D-3D;1
Vivo;vivo.com.cn;https://exemail-ulike.vivo.com.cn/track/unsubscribe.do?p=eyJ1c2VyX2lkIjogOTkyNzAsICJ0YXNrX2lkIjogIiIsICJlbWFpbF9pZCI6ICIxNjc4NTA3MjQwMjc2Xzk5MjcwXzc0NzBfNjkwMi5zZy0xMF8xXzI1M18yNi1pbmJvdW5kMCRyYWh1bHNhbWFudGNvYzJAZ21haWwuY29tIiwgInNpZ24iOiAiMDhkMDE3YzI0NDcyNWJhOGYwNzIwNmJmNjZiMWE4YWIiLCAidXNlcl9oZWFkZXJzIjoge30sICJsYWJlbCI6IDAsICJ0cmFja19kb21haW4iOiAiZXhlbWFpbC11bGlrZS52aXZvLmNvbS5jbiIsICJyZWFsX3R5cGUiOiAiIiwgIm5ldGVhc2UiOiAiZmFsc2UiLCAib3V0X2lwIjogIjQ3LjI0MS4xNzIuMTU0IiwgImNvbnRlbnRfdHlwZSI6ICIiLCAicmVjZWl2ZXIiOiAicmFodWxzYW1hbnRjb2MyQGdtYWlsLmNvbSIsICJtYWlsbGlzdF9pZCI6IDAsICJvdmVyc2VhcyI6ICIiLCAiY2F0ZWdvcnlfaWQiOiA3ODAyNDksICJwYWdlX2lkIjogLTF9;1
Chess;chess.com;https://tracking.chess.com/e/encryptedUnsubscribe?_r=db56590e2eee4b8283e2c7a1b93b2241&_s=c50b136b54454f03b11735e77fc3e728&_t=cnJpUEovVQr1O-bj8fpU9fmj6_fvXpDFutfobmeB7HNC1RhCTKcFDhJgVvRhruXgBIhpFsw3rjeNSr9PpCNrCn9N1ERwiFLgjguZQuk5HoD1q69xk06shnYz6YU4cHWt;7
[Unsubscribeurl];[UNSUBSCRIBEURL].;[UNSUBSCRIBEURL];1
Codingninjas;codingninjas.com;http://url6536.codingninjas.com/asm/unsubscribe/?user_id=3048307&data=by7jgTcCvO3ZW16UXRzQ-6e7tw5Vdy5Z63_N2J3s6IhoMDAwdTAwMMUI4zSkE7MpEfLQZH1p2XbfSVgE2QlxglrHvrZPAG7aZO7dynRjdLTcbJne6VG41dT_XznnM8y-La_-ssIO5r2dBWiVf52BTnx9LPfG7xInTAIv1Popy7obPe0AYhgkTk4WpDiA1QtEMmnxjPdcDekjdRWWX2QwxQnfoxULTSxrOYxAI8k7azROIiZK5KNyBfBIFuG-rJoEq2s7QJYkanyFwr-DK1BbSIdAvQCCxIOL5HYa70sb6sDCIGBztH4HzJCdV22VwLuNvk8jterekEsOZsexIqfdnSGn4a66_tdZQF6q7ZI8tSAN0zADsRXV_nsCzKnW1s_icc7cMqpc6j89pV0f-z-50CpPqw6VE3OtBQyI5yCvQ51cFgZ7uhTUGWlWmc_Mxl4qR9Vxyqq5XyHvv3-frema7fRYb0TYj49ruwLOPRw4Sa2GXGBPqBpOp_2FaPK3aMX4v5vcsC2rOGka4xaqo8BqMyeeBV_-iJluXVhFRPYRh0V9I6IHhipk1yvo_yKHo9iGM0bvtxq7CcfTL26qO_2v0QQjZ8snrTAzWhG5x1XXNmiGZePKSfugckAsG87HFRs0YyI6km2FaYKTKFTL0lI4gTo3HWGNI4oZ;4
Getcontact;getcontact.com;https://www.getcontact.com/unsubscribe-em?t=cfe81084808f7d74ebf3d6caa0a9cd55d79fcb5075190cafb794700fbdeb91e0&mt=QuerySummaryMail&v=2&e=cmFodWxzYW1hbnRjb2MyQGdtYWlsLmNvbQ==&tm=1721944965;5
Tome;tome.page;https://url1372.tome.page/unsubscribe/dgTv_gYDAMv9Ycr9YQGHUikRE1RLXxw-4a9X-wI=;3
Wellfound;wellfound.com;https://links.wellfound.com/e/encryptedUnsubscribe?_r=26b4e8aeb47d4cd3acd5eba415f76f62&_s=f412afcccd5649238da6e6acb14614ac&_t=jgGmHEnMeCSkXBcPuSSjNFtc2YYncJxy8Z7XkUUyv5jzWFbo4K8zgOg0cGlW9yx92_Uc_dM8Qhc8tH86DMmP-8936Ccnr5Vm7iOk58rRJfr1YOJt96jUskX6BCalvbGRdZ7RU-y5oXGjBL4QwQwm1QD4d1pCrL5kWm3SmEyF8Pk%3D;6
Coindcx;coindcx.com;https://link.coindcx.com/wf/unsubscribe?upn=9S82jkGE5FbrimYRrLybeT8X-2F1bSOhAc-2BaiDAwo-2FSIVYOibV8-2BofHIeLl0sHcAWDPueJsBfdTUKnVEZww-2FC9xK5KJD6TU4bBRxYkAklZtU3spx2D1gDo7Xp8FHAtGmm9cFd1-2F5uGgCWDLmHEi97q0W8781WsO17c-2FksIoZeAWFSj2nc3AHSU7WvAlyX3bsfEx6EMU0LpXuxmwNjSxkFjtSVcjZiaoPREwAQ-2F1o8VuP6EqDSWWIeJV15TW5KNl7lgs-2BJWfsoVmQ4SYb26xqyGuw3P7eV9ndTiGoq1lHyObpzqyKOZj3fVbYZzEqOs6JuLU1gvbbQOSMCEs3GTO0K5KuE11oLmHePWlPGawkv3m49-2B0F5QlKs-2BO4k4c6-2BKzhuc49C-2BCUYhJb2cH3kWi0mepbmevwHoE-2Fm8-2FQHfuCgtej6B3kdJaO4y4FJc31L4P3WQaLa3wgNTyFeCljY-2Bb67Oxx4uQXH7SvbMIxZR7bm5P46rR-2BFawzYZkGHN1RqGEqboTwAJDfLU90XHbnwP0TiMOnCjcqkcx3aC0PDJvLY13GH91HQG-2B3c9HJoE0Pph2vNw;1
Krishnaikacademy;krishnaikacademy.com;learn.krishnaikacademy.com/web/lite/unsubscribe?&email=rahulsamantcoc2@gmail.com&host=learn.krishnaikacademy.com;2
Workatastartup;workatastartup.com;https://www.workatastartup.com/prospects/unsubscribe?code=f8d04818-c1b0-4593-8332-32c8b73cfb82&email=rahulsamantcoc2%40gmail.com;1
Gitguardian;gitguardian.com;https://customerio.gitguardian.com/unsubscribe/dgTr8QYDAKKiiwGhoosBAZRwKxk7Ra7G31IiVLE3iA==;2
Googlegroups;googlegroups.com;mailto:images10+unsubscribe@googlegroups.com;1
Voicemod;voicemod.net;https://links.email.voicemod.net/e/encryptedUnsubscribe?_r=2818643888cd4e57aaed8bec377f2c59&_s=5359b5fe423a4ecead187ccc610d8bd3&_t=-gb1BxXD-ipDqHdn31nJ9WEbEgp67oZJi2Iu_cAug4OdviFIoKb44YsOy_pgGKnQSIeuTVOMBGl5k2aQXZCw36BXowqNARUVlPcIU_TuJq58WksKs-DoHZX7jm_UU9_a;1
Codeforces;codeforces.com;https://codeforces.com/unsubscribe/contests/0ea87d8780731cf7382d5f644988eee85481f7e4/;1
Lu;lu.ma;https://lu.ma/unsubscribe?host_api_id=usr-0vPwuENdaVCwecU&pk=g-IXB3anos8DDyaD9;1
Transtutors;transtutors.com;https://www.transtutors.com/UnsubscribeUser.aspx?email=rahulsamantcoc2@gmail.com&code=ad7aca019b7b33e1606646a3914745ba;1
Mongodb;mongodb.com;https://info.mongodb.com/UnsubscribePage.html?mkt_unsubscribe=1&mkt_tok=MTQ5LUNCSi0xMzYAAAGZKgMCDwbOu4s9v1ebeRN4LgD7OhiibDi9OkLWAbVlIL8_Y_-lNYCWUzI8twG6ThwUgNgDAQ-KyRMOjTqvCC2MkG49-asEVx5kfRTFGMOdYDkGKQ;2
Enhancv;enhancv.com;https://email.enhancv.com/unsubscribe/dgSvoAUBALSM3QKzjN0CAZChesNN-ydJoCJFVjQMIw==;1
Poe;poe.com;https://poe.com/unsubscribe?c=695530f98db7d9086ceaae803c8118b2&e=rahulsamantcoc2%40gmail.com&t=welcome;1
Mxvar[{Unsubscribeurl}];MXVAR[{unsubscribeurl}].;MXVAR[{unsubscribeurl}];1
Proton;proton.me;https://account.proton.me/unsubscribe/32#eyJ0eXAiOiJKV1QiLCJhbGciOiJIUzI1NiJ9.eyJpYXQiOjE3MDM1NTIwMzAuNTEyODQ2LCJleHAiOjE3MDYxNDQwMzAsIlVzZXJJRCI6ImhhVXhNdS1BcXJrQ1pHcnk1cERhZmJRckdpN3ZyNXpYbzFZSXNDRUlFV0Y2LVgxRDFPRkVkTHpGc29wWS15QXZMN1lTVHhidzFXMDRjd0xqd0U4eDlBPT0iLCJTY29wZSI6OTgzMDQsImlzcyI6InByb3Rvbi5tZSIsImF1ZCI6InByb3Rvbi5tZSIsIlR5cGUiOjF9.aHP62UXRAAii2rYaeCId8SWY2TZY0CibKKWvWAfn_8k;3
Sidekickopen25;sidekickopen25.com;https://t.sidekickopen25.com/email-unsubscribe/email?v=5&product=sales&email=rahulsamantcoc2%40gmail.com&s=false&d=ABidTmdMgtFm_cqFQBSJil5qTrZkF9I8dkob6njSk_DPyuvo84QP1qu9BJuQKmcb1EtSHl62zprs1PbiE48dD4D1kUP_NH92ujC6YceV4ZWP8rAO5uccSEfe9HApxkA1SAf4gUGyaVZgC3zCkr9MY_9bBBxbkVa4tQ;1
Bumble;bumble.com;https://eu1.bumble.com/unsubscribe?uid=zAgUACjE3NTAwNDcwMjIAID3jQpor_50JaDmh5XE9CvDZaQj1xui4yR8y0ATLUKtI&m=600&mid=0500161ea9dc98931c6382061b00000258684f992e00020000eed46a&g=0-0-4;2
Zoom;zoom.us;https://us05web.zoom.us/unsubscribe/u/pJVAnNTRTkGfcBH6p1n6BQ;1
Log2Base2;log2base2.com;https://log2base2.com/email-unsubscribe?email=rahulsamantcoc2@gmail.com;1
Holopin;holopin.io;http://url7740.holopin.io/asm/unsubscribe/?user_id=29402196&data=hOb4BH5GDcx7ucHiBcKgzRE82x8p8Q6WSccpgnymljJoMDAwdTAwMIZ42OKx5N_toBOZ67xKM6TBugpNoUM-OUF7pXw81xv1CDOr-2IyDmCMmPt1kcmfJmW-3mIhnyiUCMRM7oX_dEXsY26-ugLHuuAeGmgz3GswaVkXUe5F6B3JhE_FfRLwg7LshFMv0IJFmScyHSTJSE9biD2Er9XThBeSYcWyyL64ZWN3ApW2rg6DJRNpcWkCBapSKohl5GSRla_GXzPl0qZDGd2NmMg7vkoa62s2SipFDfuxzQ0itQeth1R5gdVoxWrOPXLtm_u-999Wc2cgrUYMtjCaLyTJztPcg9gyg6cHVxExDX6QyKNlJ1CQg9hiWGjHVbfuj1kiDSCPSsZHaIr8A3paKxkrh-HN94uQtCPvJ2IwJiNsjeBh3M_sKM0YWyjleYhJbVW5vNmFAc-ZMdZzCMsQpkqV2yvnK3hw2UhnRmc4MbptXHm0AMmgcEEXs0rqaOCnN7A8LNpy8Lfn1m-c2eaT81kG1Mh4sbXKl2TVw5PaG85zcW1mSLpHXK9M9xBLlj8ZUepPO-IiXOaCaGc-VXg3O1By8p3vZ2yp-a5rkDGgckYyFVOhSOc2OabGXcSAqwYjcfCivtm7PIMg4qAM5liiljK8arvLOuk-a2TaK5Chh8fWL3pxRTXcAiSR1Ny4XMhPmq6eVgT7hLG3uhi6ecK2tfCq-5o7OyGWb1wLaPYqvLRcs21E6hcUFEN-aAA5Ra0p0xK-r-Vwtzh6BVgYXiDRigcIgOiQJCpeU2QkG4eK1G9nVCVy_iVEahwi7k392lMw1JbOPsQ7ERoOK142EsDcef1pPu_eVzTHgmCOf7PyRh97Iml2DZsNprKoAuMN3tekom_ouIUPBu02SS05yernhNohQM_OdMjUY-g9-9rg-r8M9BFfpnlKE4eXfo4iOwIAWz8lpe4Ae3Pq3JA1Sar8KWA3kvHAWvsu1Fht-uUn8uodMScpGDUzFaW_4wvsdjFmC5I5W3sP7umZ2iRPjywu7210yOaGjUxJA_rS_gfYEu0WjAQTa3_zwdL1HYGVKKFFnkJ5KuCLuq8o_02xFxprSTCJJKdCoMYke77xVfWwaOxUggdpmoC85GBd4Ekm4rt7XUjP5fOwf4-wTNqct72WZhr8w9880S98iNy2d_WMP8IQVygQTYt9xuKFvS80wAi0KwtfZVu3q_BuBK8=;1
Redditmail;redditmail.com;https://click.redditmail.com/CL0/https:%2F%2Fwww.reddit.com%2Fmail%2Funsubscribe%2Fkmncja5t%2F6%2F300085ea18db09a905f9490837a5ff5ddf461870e80fcc35c7ab13727d96ab16%3F$web_only=true%26correlation_id=4fb797a4-402d-46b5-9478-62cf27218ac2%26ref=email_private_message%26ref_campaign=email_private_message%26ref_source=email%26utm_content=unsubscribe/1/010001877a633fa7-8b9fb6bb-cae7-4f35-a558-1f7d7d8cc2a4-000000/rloAHOZDN44yrA7fAXewFCQVKLNs-1mJgDmxzj2hs5I=296;1
%%Unsubscribe%%;%%unsubscribe%%.;%%unsubscribe%%;1
Gmtrkr;gmtrkr.com;https://tn.gmtrkr.com/unsubscribes/html/f4e2268c-2c11-58b1-a0a8-f30cfa4474dd/2e025c2e-11ab-5660-97bf-9007c8ce8553;1
*|Unsubscribe|*;*|UNSUBSCRIBE|*.;*|UNSUBSCRIBE|*;1
